Letter_ID,X,Y,Width,Height
1,3663,18116,29,21
2,3355,18116,18,22
3,2709,18116,20,30
4,2032,18116,9,30
5,3693,18115,20,31
6,3609,18115,18,22
7,3586,18115,20,23
8,3541,18115,20,23
9,3498,18115,18,23
10,3475,18115,20,31
11,3454,18115,18,22
12,3377,18115,19,23
13,3332,18115,20,23
14,3300,18115,20,23
15,2752,18115,19,23
16,2731,18115,18,22
17,2689,18115,18,23
18,2644,18115,21,23
19,2599,18115,21,23
20,2539,18115,20,23
21,2496,18115,19,23
22,2476,18115,18,23
23,2463,18115,12,22
24,2440,18115,20,23
25,2098,18115,20,23
26,2044,18115,20,23
27,2013,18115,20,23
28,2000,18115,12,22
29,1708,18115,18,22
30,1665,18115,19,23
31,1642,18115,20,23
32,1411,18115,20,23
33,1398,18115,12,22
34,3419,18109,10,29
35,2086,18109,11,29
36,3642,18108,19,30
37,3564,18108,18,29
38,3519,18108,18,29
39,3398,18108,18,29
40,3275,18108,22,29
41,3228,18108,20,29
42,3206,18108,20,30
43,3107,18108,23,29
44,3086,18108,19,29
45,3024,18108,20,29
46,2940,18108,23,29
47,2900,18108,25,29
48,2870,18108,27,29
49,2806,18108,20,30
50,2623,18108,19,29
51,2517,18108,18,29
52,2414,18108,23,29
53,2382,18108,12,29
54,2356,18108,21,29
55,2337,18108,12,29
56,2312,18108,20,30
57,2290,18108,19,30
58,2267,18108,20,30
59,2247,18108,12,29
60,2222,18108,19,29
61,2200,18108,19,30
62,2177,18108,20,30
63,2155,18108,20,30
64,2132,18108,20,30
65,2068,18108,18,29
66,1974,18108,23,29
67,1942,18108,11,29
68,1917,18108,19,30
69,1895,18108,19,29
70,1838,18108,55,29
71,1801,18108,23,29
72,1772,18108,25,29
73,1740,18108,18,29
74,1686,18108,18,29
75,1617,18108,24,29
76,1572,18108,28,29
77,1511,18108,27,29
78,1369,18108,27,29
79,3175,18107,28,31
80,3144,18107,28,31
81,3131,18107,11,31
82,3045,18107,12,31
83,2965,18107,36,31
84,2926,18107,12,31
85,2843,18107,26,31
86,2771,18107,12,31
87,2573,18107,23,31
88,2120,18107,11,31
89,1960,18107,12,31
90,1758,18107,12,31
91,1539,18107,29,31
92,1497,18107,12,31
93,1457,18107,27,31
94,1432,18107,13,30
95,3589,18008,12,9
96,18135,18002,19,31
97,17282,18002,20,31
98,16430,18002,20,31
99,15578,18002,19,31
100,14725,18002,20,31
101,13873,18002,20,31
102,13020,18002,20,31
103,12168,18002,20,31
104,11316,18002,19,31
105,10463,18002,20,31
106,9611,18002,20,31
107,8759,18002,19,31
108,7906,18002,20,31
109,7054,18002,20,31
110,6201,18002,20,31
111,5350,18002,20,31
112,4497,18002,19,31
113,3410,17984,427,85
114,14326,17983,144,69
115,14492,17981,44,70
116,14537,17968,380,101
117,14384,17939,20,30
118,14364,17939,12,29
119,14328,17939,19,30
120,14293,17939,21,29
121,14349,17938,11,31
122,14315,17938,12,31
123,3499,17937,20,30
124,3466,17937,20,30
125,3431,17937,21,29
126,3487,17936,12,31
127,3453,17936,12,31
128,14206,17916,83,118
129,3532,17916,119,72
130,16502,17748,22,30
131,16399,17748,20,30
132,14522,17715,20,31
133,13902,17715,20,31
134,16604,17706,75,76
135,16490,17694,20,29
136,16456,17694,20,30
137,16421,17694,21,29
138,16477,17693,12,31
139,16444,17693,11,31
140,6790,17537,1317,20
141,10908,17508,30,12
142,9177,17508,30,12
143,7447,17508,30,12
144,5507,17508,30,12
145,14947,17444,31,20
146,13459,17444,29,20
147,16062,17393,20,30
148,16028,17393,20,30
149,16049,17392,12,31
150,16015,17392,12,31
151,15932,17381,54,54
152,16566,17367,20,30
153,16532,17367,20,30
154,16497,17367,21,29
155,16417,17367,11,29
156,16553,17366,12,31
157,16519,17366,12,31
158,16694,17350,56,66
159,3341,17288,12,30
160,14987,17272,25,363
161,13433,17272,25,363
162,16493,17195,12,30
163,10264,17182,1317,19
164,6790,17182,1317,19
165,15354,17162,12,29
166,15526,17161,19,30
167,15506,17161,11,29
168,15469,17161,20,30
169,15434,17161,21,29
170,15490,17160,12,31
171,15457,17160,11,31
172,10908,17152,30,12
173,9177,17152,30,12
174,7447,17152,30,12
175,5507,17152,30,12
176,15373,17149,54,55
177,16081,17096,56,66
178,15975,17092,20,30
179,15941,17092,20,30
180,15906,17092,21,29
181,15445,17092,19,30
182,15411,17092,19,30
183,15376,17092,21,29
184,15962,17091,12,31
185,15929,17091,11,31
186,15432,17091,11,31
187,15398,17091,12,31
188,16590,17074,12,22
189,16537,17074,29,22
190,16523,17074,12,22
191,16510,17068,11,29
192,16827,17067,20,23
193,16570,17067,18,29
194,16614,17066,20,23
195,16484,17066,24,31
196,16417,17066,26,31
197,16831,17052,9,12
198,16085,17045,36,36
199,3305,17045,20,518
200,15884,17038,20,30
201,16075,17035,56,56
202,16963,17033,1641,750
203,15215,17012,387,89
204,16436,16952,54,519
205,16588,16949,162,116
206,16008,16678,19,30
207,15974,16678,20,30
208,15939,16678,21,29
209,15859,16678,12,29
210,13286,16678,24,29
211,13262,16678,20,29
212,15995,16677,12,31
213,15961,16677,12,31
214,15878,16666,54,54
215,14947,16609,67,364
216,13433,16609,55,364
217,10264,16603,1317,19
218,6790,16603,1317,19
219,16493,16597,12,30
220,10908,16573,30,12
221,9177,16573,30,12
222,7447,16573,30,12
223,5507,16573,30,12
224,13278,16570,17,24
225,10064,16554,24,17
226,8337,16554,24,17
227,6589,16554,24,17
228,13492,16524,17,24
229,13511,16523,85,60
230,14910,16478,17,24
231,14929,16477,86,60
232,3480,16247,63,61
233,18495,16099,34,22
234,18510,16075,10,20
235,18512,16052,32,26
236,18523,16021,30,22
237,13662,15982,1121,20
238,16493,15976,12,30
239,10908,15953,30,12
240,9177,15953,30,12
241,7447,15953,30,12
242,5507,15953,30,12
243,18550,15948,29,22
244,16060,15916,20,30
245,16026,15916,20,30
246,15992,15916,20,29
247,15912,15916,11,29
248,16048,15915,11,31
249,16014,15915,11,31
250,14323,15915,21,29
251,14290,15915,20,30
252,14255,15915,21,29
253,14175,15915,12,29
254,14311,15914,12,31
255,14278,15914,11,31
256,15930,15904,55,54
257,14194,15903,54,62
258,8356,15899,19,30
259,8322,15899,20,30
260,8287,15899,21,29
261,12352,15898,19,30
262,12332,15898,11,29
263,12296,15898,19,30
264,12261,15898,20,29
265,12181,15898,11,29
266,10343,15898,20,30
267,10308,15898,21,29
268,10274,15898,21,29
269,10194,15898,12,29
270,8343,15898,11,31
271,8309,15898,12,31
272,8208,15898,11,29
273,6371,15898,19,29
274,6335,15898,21,29
275,6302,15898,20,29
276,6222,15898,11,29
277,12317,15897,11,31
278,12283,15897,11,31
279,10330,15897,12,31
280,10297,15897,11,31
281,6358,15897,11,31
282,6324,15897,11,31
283,12199,15886,54,55
284,10213,15886,54,55
285,8226,15886,55,55
286,6240,15886,55,55
287,13157,15809,11,29
288,13135,15809,11,29
289,13098,15809,20,30
290,13063,15809,21,29
291,13119,15808,12,31
292,13086,15808,11,31
293,16601,15807,20,29
294,16567,15807,20,30
295,16532,15807,21,29
296,13037,15807,22,30
297,12929,15807,19,30
298,5956,15807,20,29
299,5923,15807,19,30
300,5888,15807,20,29
301,16588,15806,12,31
302,16555,15806,11,31
303,5943,15806,12,31
304,5910,15806,11,31
305,5747,15805,20,30
306,16369,15802,20,30
307,12960,15785,76,102
308,5829,15760,30,22
309,16400,15733,102,518
310,18177,15568,30,12
311,12001,15427,1317,19
312,6790,15427,1317,19
313,16787,15420,12,30
314,16493,15420,12,30
315,14199,15397,30,12
316,10908,15397,30,12
317,9177,15397,30,12
318,7447,15397,30,12
319,5507,15397,30,12
320,17974,15379,21,29
321,17941,15379,20,30
322,17906,15379,21,29
323,17826,15379,12,29
324,17962,15378,12,31
325,17929,15378,11,31
326,17845,15367,54,54
327,17072,15206,75,56
328,17123,15190,25,16
329,17087,15182,30,22
330,17123,15163,24,16
331,17123,15145,25,16
332,17087,15144,30,22
333,3564,15022,17,24
334,3473,14998,86,60
335,18177,14962,30,12
336,16023,14942,20,30
337,15990,14942,19,30
338,15955,14942,20,29
339,15875,14942,11,29
340,16011,14941,11,31
341,15977,14941,11,31
342,12384,14938,11,29
343,12362,14938,11,29
344,12324,14938,21,29
345,12290,14938,21,29
346,10365,14938,19,30
347,10331,14938,20,30
348,10296,14938,21,29
349,12346,14937,12,31
350,12312,14937,12,31
351,12211,14937,11,29
352,10352,14937,11,31
353,10318,14937,12,31
354,10217,14937,11,29
355,8371,14937,20,30
356,8336,14937,21,29
357,8303,14937,20,29
358,6377,14937,20,30
359,6308,14937,21,29
360,6228,14937,12,29
361,5448,14937,20,30
362,5413,14937,21,29
363,5379,14937,21,29
364,5299,14937,12,29
365,8359,14936,11,31
366,8325,14936,11,31
367,6364,14936,12,31
368,6331,14936,11,31
369,5435,14936,12,31
370,5402,14936,11,31
371,15893,14930,54,55
372,14324,14930,20,30
373,14290,14930,20,30
374,14255,14930,21,29
375,14175,14930,12,29
376,14311,14929,12,31
377,14278,14929,11,31
378,12230,14925,54,54
379,10235,14925,55,54
380,8241,14925,55,54
381,6247,14925,54,54
382,5318,14925,54,54
383,14194,14918,54,55
384,12001,14874,1317,20
385,16787,14868,12,30
386,14199,14844,30,12
387,10508,14844,30,12
388,9177,14844,30,12
389,7449,14844,30,12
390,5507,14842,30,12
391,13542,14817,24,17
392,11803,14817,24,17
393,10067,14817,24,17
394,6537,14731,87,86
395,13540,14730,60,85
396,17346,14697,18,22
397,17202,14697,18,22
398,17629,14696,29,22
399,17390,14696,20,23
400,17322,14696,20,23
401,17277,14696,20,23
402,17493,14694,20,20
403,17594,14689,20,29
404,17572,14689,20,30
405,17538,14689,20,30
406,17519,14689,11,29
407,17424,14689,19,30
408,17367,14689,19,30
409,17301,14689,19,30
410,17164,14689,25,29
411,17135,14689,24,30
412,17247,14688,27,31
413,17546,14653,20,21
414,17418,14653,20,21
415,17658,14652,30,22
416,17624,14652,30,22
417,17358,14652,20,23
418,17337,14652,18,22
419,17313,14652,20,23
420,17262,14652,19,23
421,17241,14652,18,23
422,17209,14652,29,22
423,17185,14652,21,23
424,17173,14652,12,22
425,17160,14646,11,29
426,17590,14645,20,30
427,17567,14645,20,30
428,17525,14645,20,29
429,17502,14645,20,30
430,17483,14645,11,29
431,17441,14645,23,29
432,17393,14645,23,29
433,17283,14645,18,29
434,17134,14644,24,31
435,11474,14575,19,30
436,11454,14575,11,29
437,11416,14575,21,29
438,11383,14575,20,29
439,11252,14575,20,30
440,11439,14574,11,31
441,11405,14574,11,31
442,11281,14570,72,62
443,17975,14522,20,30
444,17941,14522,20,30
445,17906,14522,21,29
446,17826,14522,12,29
447,17962,14521,12,31
448,17929,14521,11,31
449,17845,14510,54,54
450,18177,14335,30,12
451,17625,14315,23,16
452,15052,14301,1120,19
453,13662,14301,1121,19
454,12001,14301,1317,19
455,16787,14295,12,30
456,17649,14294,9,19
457,17640,14291,10,20
458,14199,14271,30,12
459,9177,14271,30,12
460,7449,14271,30,12
461,5507,14271,30,12
462,17642,14269,32,26
463,17653,14238,30,22
464,17666,14208,29,33
465,18197,14193,24,33
466,18163,14193,34,33
467,17680,14164,29,22
468,12982,14124,31,22
469,5966,14087,21,29
470,5934,14087,20,30
471,5899,14087,21,29
472,5955,14086,11,31
473,5921,14086,12,31
474,5747,14085,20,30
475,25263,14081,495,467
476,13131,14071,20,29
477,13098,14071,20,30
478,13063,14071,21,29
479,13119,14070,12,31
480,13086,14070,11,31
481,12901,14065,20,30
482,5448,14062,20,30
483,5413,14062,21,29
484,5380,14062,20,29
485,5300,14062,11,29
486,5436,14061,11,31
487,5402,14061,11,31
488,5318,14050,55,54
489,12932,14047,102,76
490,5829,14041,30,22
491,14315,14011,20,30
492,14281,14011,20,30
493,14246,14011,21,29
494,14166,14011,12,29
495,12740,14011,19,29
496,12706,14011,20,30
497,12671,14011,21,29
498,12591,14011,12,29
499,14302,14010,12,31
500,14269,14010,11,31
501,12727,14010,12,31
502,12694,14010,11,31
503,14185,13999,54,55
504,12610,13999,54,55
505,16842,13959,27,29
506,16821,13959,20,30
507,16798,13959,20,30
508,17512,13958,25,33
509,17479,13958,34,33
510,16873,13877,1757,2030
511,8377,13773,32,34
512,8327,13744,44,44
513,16828,13722,25,33
514,16794,13722,34,33
515,10300,13720,21,10
516,11931,13713,1318,19
517,9109,13712,17,22
518,9332,13711,20,23
519,9311,13711,12,22
520,9287,13711,20,23
521,9243,13711,19,23
522,9199,13711,18,22
523,9175,13711,20,23
524,9154,13711,19,30
525,9131,13711,19,30
526,9095,13711,12,22
527,9264,13705,22,29
528,10266,13704,21,11
529,9365,13704,21,29
530,9221,13704,19,30
531,9064,13703,27,31
532,10232,13688,21,11
533,13906,13686,30,12
534,12651,13683,30,12
535,8371,13674,36,76
536,16702,13673,92,82
537,10198,13673,21,10
538,8411,13669,18,73
539,8459,13668,22,76
540,8320,13665,36,79
541,8492,13664,26,75
542,10164,13657,21,10
543,10130,13641,21,11
544,5390,13631,30,12
545,10738,13630,109,110
546,10096,13625,22,11
547,8754,13618,109,192
548,10061,13609,23,11
549,10028,13594,22,10
550,9994,13578,22,10
551,9960,13562,22,11
552,9745,13557,19,31
553,9210,13557,20,31
554,8325,13557,20,31
555,9926,13546,22,11
556,9892,13531,22,10
557,9858,13515,22,10
558,16180,13510,109,109
559,16144,13486,24,33
560,16110,13486,34,33
561,9476,13469,929,341
562,11437,13449,27,13
563,16018,13438,92,81
564,10160,13431,109,110
565,11193,13397,495,186
566,9314,13331,36,36
567,9304,13321,56,56
568,3474,13290,55,46
569,8377,13274,33,53
570,8493,13255,16,66
571,8434,13252,46,72
572,15459,13251,25,33
573,9539,13245,50,59
574,9036,13230,56,67
575,3474,13229,85,52
576,10753,13213,28,14
577,14181,13205,30,12
578,12651,13205,30,12
579,15334,13202,91,82
580,5464,13194,19,30
581,5430,13194,20,30
582,5395,13194,21,29
583,5315,13194,11,29
584,4207,13194,20,29
585,4173,13194,21,29
586,4139,13194,21,29
587,4059,13194,11,29
588,5451,13193,11,31
589,5417,13193,12,31
590,4195,13193,12,31
591,4161,13193,12,31
592,5333,13182,55,54
593,4078,13182,54,54
594,8868,13167,56,66
595,9719,13164,20,27
596,10509,13162,495,186
597,9699,13157,26,32
598,9751,13156,68,79
599,9669,13148,22,29
600,8531,13097,292,196
601,9868,13063,56,67
602,8154,13063,363,215
603,12743,13062,11,29
604,12706,13062,20,30
605,12671,13062,21,29
606,12591,13062,12,29
607,8438,13062,151,109
608,6055,13062,1629,749
609,12727,13061,12,31
610,12694,13061,11,31
611,5390,13052,30,12
612,12610,13050,54,54
613,9372,13030,14,29
614,14775,13015,25,33
615,14741,13015,34,33
616,8631,13010,70,70
617,9283,13002,26,32
618,9306,12998,66,67
619,9271,12998,20,27
620,9251,12991,26,32
621,9476,12987,26,32
622,7626,12985,12,22
623,7572,12985,30,22
624,7559,12985,12,22
625,9221,12982,22,29
626,7546,12979,11,29
627,7606,12978,18,29
628,7650,12977,20,23
629,7520,12977,24,31
630,7931,12969,12,22
631,14650,12967,91,81
632,6169,12964,20,30
633,7918,12963,11,29
634,7855,12962,24,29
635,6346,12962,19,29
636,6312,12962,20,30
637,6279,12962,19,30
638,7892,12961,23,31
639,7825,12961,26,31
640,6333,12961,12,31
641,6300,12961,11,31
642,6197,12961,72,61
643,5710,12961,21,29
644,5677,12961,20,29
645,5733,12960,11,31
646,5699,12960,11,31
647,5851,12945,12,22
648,5834,12939,14,51
649,9233,12938,494,185
650,5772,12937,63,67
651,5745,12937,26,54
652,7434,12920,89,89
653,8034,12879,56,67
654,11026,12875,11,29
655,10989,12875,20,30
656,10956,12875,19,30
657,10876,12875,11,29
658,11010,12874,12,31
659,10977,12874,11,31
660,10894,12863,55,54
661,7285,12860,111,60
662,7944,12859,97,132
663,7200,12831,26,32
664,7055,12826,39,64
665,7466,12824,43,52
666,7033,12823,28,51
667,9535,12821,49,59
668,6974,12815,39,52
669,6955,12806,36,56
670,7408,12801,31,57
671,6922,12798,41,64
672,5864,12795,129,178
673,7002,12786,45,98
674,14091,12780,25,33
675,14057,12780,34,33
676,7010,12780,14,29
677,6989,12775,20,27
678,7256,12770,23,30
679,6969,12768,26,32
680,12651,12765,30,12
681,6939,12757,23,30
682,8793,12752,26,32
683,8525,12741,26,32
684,8514,12737,20,27
685,8061,12736,49,59
686,13965,12731,92,82
687,10820,12731,351,131
688,8503,12731,14,29
689,10924,12728,25,13
690,8482,12726,20,27
691,6589,12724,12,11
692,6521,12724,14,11
693,6439,12724,12,29
694,10821,12723,20,16
695,6578,12723,8,16
696,6878,12722,68,78
697,6845,12722,22,30
698,8464,12721,22,29
699,8550,12703,494,186
700,9925,12694,55,66
701,8391,12693,14,29
702,8400,12686,67,67
703,9591,12685,61,61
704,6022,12679,12,22
705,7190,12678,12,22
706,7136,12678,30,22
707,7123,12678,12,22
708,10676,12676,142,67
709,7110,12672,11,29
710,5878,12672,25,29
711,7170,12671,18,29
712,6046,12671,19,23
713,5904,12671,93,111
714,5848,12671,26,31
715,7214,12670,20,23
716,7084,12670,24,31
717,9609,12651,21,29
718,6528,12634,34,56
719,6465,12632,31,67
720,6506,12628,19,65
721,6587,12621,19,63
722,8945,12618,49,59
723,6609,12617,20,64
724,6563,12614,14,77
725,9926,12596,25,31
726,6947,12591,140,111
727,9804,12585,13,24
728,6058,12570,20,30
729,9212,12566,23,30
730,9198,12562,20,27
731,9187,12556,14,29
732,9629,12555,23,30
733,9934,12552,81,141
734,9616,12551,20,27
735,9166,12551,20,27
736,5979,12550,61,71
737,9148,12546,22,29
738,9596,12544,26,32
739,9584,12540,20,27
740,9566,12535,22,29
741,5467,12535,19,29
742,5433,12535,20,30
743,5398,12535,21,29
744,5605,12534,20,30
745,5454,12534,12,31
746,5421,12534,11,31
747,8111,12517,26,32
748,6296,12511,76,76
749,9054,12508,22,29
750,9079,12507,67,66
751,3825,12503,1839,113
752,9474,12502,22,29
753,6023,12501,20,29
754,5989,12501,21,29
755,5955,12501,21,29
756,6011,12500,12,31
757,5977,12500,12,31
758,9498,12498,67,66
759,8946,12490,28,33
760,9986,12478,55,67
761,5390,12474,30,12
762,6659,12469,30,20
763,6229,12469,30,20
764,7868,12468,493,186
765,6859,12467,59,49
766,8946,12462,60,62
767,8963,12429,21,29
768,9685,12411,61,61
769,7462,12407,23,30
770,12996,12403,25,33
771,12962,12403,34,33
772,7448,12403,20,27
773,7428,12396,26,32
774,7398,12387,22,29
775,9703,12377,21,29
776,7495,12375,66,66
777,7482,12370,14,28
778,12870,12354,92,82
779,4801,12333,21,29
780,4768,12333,20,29
781,4688,12333,11,29
782,4823,12332,12,31
783,4790,12332,11,31
784,4706,12321,54,54
785,7057,12310,22,30
786,8579,12302,86,65
787,7202,12295,14,29
788,7181,12288,14,29
789,8759,12287,121,255
790,7160,12283,20,27
791,7428,12282,26,32
792,8706,12278,86,64
793,7149,12277,14,29
794,7128,12272,20,27
795,7110,12267,22,29
796,8365,12254,87,64
797,6516,12254,24,58
798,6630,12248,13,54
799,6548,12246,12,80
800,6569,12244,21,75
801,11088,12240,29,14
802,6649,12240,31,60
803,7185,12232,494,249
804,6604,12232,13,87
805,10187,12222,109,109
806,9159,12219,95,95
807,6520,12208,17,12
808,6439,12208,12,29
809,6458,12196,54,55
810,10844,12189,495,186
811,9039,12189,62,61
812,12312,12167,24,33
813,12278,12167,34,33
814,9058,12155,21,29
815,7891,12127,86,65
816,12186,12118,92,82
817,10123,12111,56,66
818,7064,12104,56,67
819,8522,11991,26,32
820,9805,11982,20,27
821,9819,11978,76,62
822,9794,11976,14,29
823,9755,11966,22,29
824,6936,11963,56,66
825,8492,11948,22,30
826,8478,11944,20,27
827,8279,11942,494,186
828,8466,11938,14,29
829,9673,11933,22,29
830,8446,11933,20,27
831,9694,11929,67,66
832,8428,11928,22,29
833,8355,11900,14,29
834,5390,11895,30,12
835,10001,11872,94,95
836,8665,11832,27,33
837,8654,11829,14,29
838,8403,11817,22,30
839,11217,11790,25,33
840,8541,11783,25,31
841,8528,11781,20,27
842,8507,11773,26,32
843,7908,11769,24,30
844,7892,11768,20,27
845,8478,11764,22,29
846,7872,11760,26,32
847,7842,11752,22,29
848,8579,11744,78,111
849,11091,11741,92,82
850,9239,11737,26,32
851,8400,11731,79,68
852,7865,11715,14,28
853,7787,11699,67,67
854,7345,11690,12,22
855,7291,11690,29,22
856,7278,11690,12,22
857,8996,11688,493,186
858,8018,11685,22,30
859,7631,11684,24,30
860,7265,11684,10,29
861,7325,11683,18,29
862,7615,11682,20,27
863,7369,11682,19,23
864,7239,11682,23,31
865,7604,11676,14,29
866,7583,11671,20,27
867,7565,11666,22,29
868,9791,11658,61,61
869,8156,11652,23,30
870,7642,11649,23,29
871,7430,11649,493,187
872,8142,11648,20,27
873,8131,11642,14,29
874,8110,11637,20,27
875,8092,11632,22,29
876,9809,11624,21,29
877,9404,11624,25,31
878,9390,11621,20,27
879,9379,11615,14,29
880,9358,11610,20,27
881,9340,11605,22,29
882,8015,11598,78,69
883,6930,11588,11,14
884,7955,11582,27,33
885,10095,11581,95,112
886,7944,11579,14,29
887,9268,11577,14,29
888,9277,11571,66,66
889,7086,11561,11,29
890,7063,11561,12,29
891,7026,11561,20,29
892,7048,11560,11,31
893,6912,11560,11,29
894,7014,11559,12,31
895,6967,11534,8,14
896,7180,11533,25,31
897,8636,11530,26,32
898,7823,11515,56,66
899,10396,11507,24,33
900,6967,11496,8,35
901,7869,11494,79,110
902,8393,11481,494,186
903,9606,11467,65,86
904,10270,11459,92,81
905,9338,11450,26,32
906,8796,11424,22,29
907,8783,11418,20,27
908,8762,11411,26,32
909,8733,11402,22,29
910,7212,11395,65,86
911,6922,11390,91,510
912,8658,11372,14,28
913,8666,11366,67,66
914,5390,11316,30,12
915,8004,11312,26,32
916,9711,11272,25,33
917,9678,11272,33,33
918,7761,11263,494,186
919,9586,11223,91,82
920,8165,11204,23,29
921,8151,11200,20,27
922,8130,11192,26,32
923,8101,11183,22,29
924,4803,11175,19,30
925,4768,11175,20,29
926,4688,11175,11,29
927,4823,11174,12,31
928,4790,11174,11,31
929,4706,11163,54,54
930,8031,11158,14,28
931,8042,11150,66,66
932,7402,11105,26,32
933,9164,11083,25,33
934,9130,11083,34,33
935,8461,11077,64,86
936,6989,11049,64,86
937,8375,11043,65,86
938,9038,11034,92,82
939,8712,11028,56,88
940,8103,11025,26,32
941,8648,11015,66,99
942,7560,10998,23,29
943,7545,10993,20,27
944,7534,10987,14,29
945,7513,10983,20,27
946,7495,10977,22,29
947,7860,10975,1339,614
948,7422,10949,14,29
949,7431,10943,67,66
950,8579,10911,83,152
951,8401,10891,178,165
952,7501,10818,26,32
953,7258,10768,493,186
954,5390,10737,30,12
955,6355,10734,30,20
956,6737,10717,20,29
957,6684,10717,11,29
958,6646,10717,21,29
959,6568,10717,12,29
960,6702,10716,12,31
961,6669,10716,11,31
962,6584,10705,55,54
963,7223,10651,65,86
964,7138,10617,64,86
965,23928,8750,40,58
966,25976,8749,39,59
967,25808,8743,127,64
968,23799,8728,93,93
969,25849,8701,45,28
970,25949,8556,45,28
971,25749,8556,45,28
972,26035,8531,39,59
973,23928,8518,39,59
974,25806,8497,131,137
975,23799,8497,93,92
976,25849,8450,45,29
977,25975,8287,39,58
978,23928,8287,39,58
979,25808,8279,127,64
980,23799,8265,93,93
981,25849,8237,45,28
982,25976,8055,39,59
983,23927,8055,22,58
984,25808,8048,127,64
985,23799,8033,93,93
986,25849,8006,45,28
987,25976,7824,39,58
988,25808,7816,127,64
989,25849,7774,45,28
990,26081,7317,61,65
991,25997,7317,84,65
992,25938,7317,57,65
993,20132,7277,2464,32
994,23782,7227,126,125
995,25806,7224,131,131
996,22050,7138,140,120
997,20132,7023,22,234
998,22299,6968,286,160
999,25813,6189,117,117
1000,23787,6189,117,117
1001,20164,6064,2421,1194
1002,25813,5957,204,117
1003,23796,5735,98,98
1004,25791,5707,162,154
1005,23983,5557,15,21
1006,23983,5527,15,21
1007,25813,5494,117,117
1008,23687,5491,317,123
1009,23907,5349,22,15
1010,23878,5349,21,15
1011,23777,5349,21,15
1012,25958,5325,15,21
1013,25958,5296,15,21
1014,23748,5272,79,98
1015,25765,5263,214,116
1016,13272,4885,28,35
1017,13237,4885,30,34
1018,12812,4885,46,34
1019,13578,4884,28,35
1020,13540,4884,32,36
1021,13520,4884,19,35
1022,13482,4884,32,36
1023,13416,4884,28,35
1024,13378,4884,32,36
1025,13326,4884,46,35
1026,13184,4884,32,36
1027,13119,4884,30,36
1028,13083,4884,32,36
1029,13014,4884,28,35
1030,12976,4884,32,36
1031,12907,4884,30,36
1032,12875,4884,28,36
1033,12737,4884,19,35
1034,12699,4884,32,36
1035,12611,4884,28,35
1036,13449,4874,17,46
1037,13154,4872,28,47
1038,13047,4872,30,48
1039,12942,4872,28,47
1040,12773,4872,37,47
1041,12663,4872,30,48
1042,13487,4808,46,34
1043,13456,4808,30,34
1044,12705,4808,31,34
1045,13727,4807,32,36
1046,13694,4807,28,36
1047,13658,4807,32,36
1048,13586,4807,30,49
1049,13536,4807,32,36
1050,13324,4807,32,36
1051,13205,4807,28,36
1052,13049,4807,19,35
1053,13011,4807,32,36
1054,12977,4807,28,35
1055,12939,4807,32,36
1056,12869,4807,28,35
1057,12831,4807,31,36
1058,12776,4807,19,35
1059,12738,4807,32,36
1060,12637,4807,32,36
1061,13237,4797,17,46
1062,13622,4795,30,48
1063,13423,4795,30,48
1064,13376,4795,43,47
1065,13274,4795,30,48
1066,13129,4795,39,47
1067,13086,4795,37,47
1068,12903,4795,30,48
1069,12797,4795,28,47
1070,12596,4795,36,47
1071,12889,4758,8,16
1072,13377,4731,28,35
1073,13342,4731,30,34
1074,13269,4731,28,35
1075,13047,4731,31,34
1076,12635,4731,28,35
1077,13682,4730,28,35
1078,13644,4730,32,36
1079,13625,4730,19,35
1080,13587,4730,32,36
1081,13521,4730,28,35
1082,13483,4730,32,36
1083,13431,4730,46,35
1084,13305,4730,19,35
1085,12978,4730,46,35
1086,12597,4730,31,36
1087,13554,4720,17,46
1088,12940,4719,32,47
1089,13227,4718,38,47
1090,13168,4718,39,47
1091,13117,4718,45,48
1092,12904,4718,31,48
1093,12850,4718,31,48
1094,12753,4718,39,47
1095,12708,4718,37,48
1096,12667,4718,20,47
1097,25799,4670,140,140
1098,12818,4653,46,34
1099,12787,4653,30,34
1100,13196,4652,28,35
1101,13148,4652,28,36
1102,13096,4652,28,35
1103,13058,4652,32,36
1104,13025,4652,28,36
1105,12989,4652,32,36
1106,12917,4652,30,49
1107,12867,4652,32,36
1108,12655,4652,32,36
1109,13230,4640,30,48
1110,12953,4640,30,48
1111,12754,4640,30,48
1112,12707,4640,43,47
1113,12597,4640,39,47
1114,12769,4576,28,35
1115,13234,4575,32,36
1116,13183,4575,46,35
1117,13109,4575,31,36
1118,13075,4575,28,35
1119,13001,4575,32,36
1120,12967,4575,19,35
1121,12911,4575,32,36
1122,12841,4575,28,35
1123,12805,4575,19,35
1124,12611,4575,28,35
1125,12946,4565,17,46
1126,13147,4563,28,47
1127,13039,4563,30,48
1128,12877,4563,30,48
1129,12727,4563,38,47
1130,12647,4563,28,47
1131,13510,4526,8,16
1132,13415,4499,28,35
1133,13286,4499,28,35
1134,13103,4499,28,35
1135,12941,4499,28,35
1136,12639,4499,28,35
1137,13487,4498,19,35
1138,13449,4498,32,36
1139,13377,4498,31,36
1140,13322,4498,19,35
1141,13158,4498,30,36
1142,13139,4498,19,35
1143,13011,4498,30,49
1144,12977,4498,28,35
1145,12889,4498,32,36
1146,12817,4498,31,36
1147,12765,4498,19,35
1148,12727,4498,32,36
1149,12675,4498,49,35
1150,23963,4496,36,47
1151,23947,4496,7,47
1152,23903,4496,35,47
1153,13343,4486,30,48
1154,13243,4486,38,47
1155,13192,4486,28,47
1156,13065,4486,30,48
1157,12855,4486,30,48
1158,12786,4486,28,47
1159,12596,4486,38,47
1160,23796,4466,98,99
1161,13393,4344,28,35
1162,13123,4344,28,35
1163,13717,4343,19,35
1164,13643,4343,32,36
1165,13264,4343,46,35
1166,13193,4343,30,49
1167,13159,4343,28,35
1168,13085,4343,30,49
1169,13050,4343,32,36
1170,13016,4343,19,35
1171,12978,4343,32,36
1172,12881,4343,32,36
1173,12847,4343,28,35
1174,12794,4343,32,36
1175,12722,4343,30,49
1176,12672,4343,32,36
1177,12597,4343,32,36
1178,12757,4333,17,46
1179,13681,4331,28,47
1180,13599,4331,41,47
1181,13532,4331,41,48
1182,13486,4331,43,47
1183,13448,4331,36,47
1184,13425,4331,18,48
1185,13331,4331,43,47
1186,12933,4331,43,47
1187,12635,4331,37,47
1188,13674,4293,8,16
1189,13180,4266,46,34
1190,13130,4266,28,35
1191,13095,4266,30,34
1192,13637,4265,28,35
1193,13584,4265,32,36
1194,13552,4265,28,36
1195,13482,4265,28,35
1196,13461,4265,19,35
1197,13423,4265,32,36
1198,13353,4265,28,35
1199,13315,4265,32,36
1200,13229,4265,32,36
1201,13042,4265,32,36
1202,13009,4265,28,36
1203,12977,4265,28,36
1204,12941,4265,31,36
1205,12921,4265,19,35
1206,12826,4265,32,36
1207,12722,4265,32,36
1208,12639,4265,32,36
1209,13515,4255,17,46
1210,13386,4255,17,46
1211,13278,4255,17,46
1212,12703,4255,17,46
1213,13403,4253,20,47
1214,12879,4253,38,47
1215,12776,4253,30,48
1216,12597,4253,37,48
1217,12635,4188,28,35
1218,13488,4187,32,36
1219,13456,4187,28,36
1220,13424,4187,28,36
1221,13388,4187,31,36
1222,13368,4187,19,35
1223,13275,4187,28,35
1224,13237,4187,32,36
1225,13203,4187,28,35
1226,13165,4187,32,36
1227,13129,4187,30,49
1228,13093,4187,32,36
1229,13042,4187,32,36
1230,13006,4187,30,49
1231,12956,4187,28,36
1232,12888,4187,30,36
1233,12852,4187,31,36
1234,12818,4187,28,35
1235,12778,4187,19,35
1236,12740,4187,32,36
1237,12597,4187,31,36
1238,12987,4177,17,46
1239,13325,4175,38,47
1240,12922,4175,28,47
1241,12705,4175,30,48
1242,12667,4175,20,47
1243,22299,4163,286,674
1244,13619,4110,28,35
1245,12803,4110,31,34
1246,13689,4109,30,49
1247,13655,4109,28,35
1248,13581,4109,30,49
1249,13545,4109,32,36
1250,13511,4109,19,35
1251,13473,4109,32,36
1252,13376,4109,32,36
1253,13254,4109,30,49
1254,13204,4109,32,36
1255,13128,4109,32,36
1256,13076,4109,28,35
1257,13038,4109,32,36
1258,12968,4109,28,35
1259,12930,4109,31,36
1260,12875,4109,19,35
1261,12837,4109,32,36
1262,12753,4109,28,35
1263,12731,4109,19,35
1264,12693,4109,32,36
1265,12639,4109,32,36
1266,13289,4099,17,46
1267,13428,4097,43,47
1268,13326,4097,30,48
1269,13166,4097,38,47
1270,13002,4097,30,48
1271,12896,4097,28,47
1272,12673,4097,20,47
1273,12597,4097,37,48
1274,13322,3942,28,35
1275,13669,3941,31,36
1276,13635,3941,28,35
1277,13597,3941,31,36
1278,13391,3941,28,35
1279,13284,3941,31,36
1280,13214,3941,28,35
1281,13105,3941,28,36
1282,13054,3941,31,36
1283,13017,3941,19,35
1284,12979,3941,32,36
1285,12910,3941,31,36
1286,12842,3941,30,36
1287,12691,3941,32,36
1288,20699,3936,574,210
1289,12960,3931,17,46
1290,13556,3929,39,47
1291,13489,3929,41,47
1292,13444,3929,36,47
1293,13250,3929,30,48
1294,13158,3929,35,47
1295,12876,3929,28,47
1296,12800,3929,37,48
1297,12647,3929,41,47
1298,13045,3829,32,34
1299,13225,3828,46,35
1300,13172,3828,46,35
1301,12871,3828,31,36
1302,12837,3828,28,35
1303,12799,3828,31,36
1304,13081,3817,30,46
1305,13116,3816,31,48
1306,13011,3816,31,48
1307,12975,3816,31,48
1308,12945,3816,17,47
1309,12758,3816,39,47
1310,12691,3816,41,47
1311,12647,3816,36,47
1312,11532,3801,28,35
1313,11417,3801,28,35
1314,11652,3800,32,36
1315,11598,3800,32,36
1316,11453,3800,19,35
1317,11329,3800,32,36
1318,11264,3800,30,36
1319,11228,3800,32,36
1320,11704,3788,43,47
1321,11568,3788,28,47
1322,11490,3788,37,47
1323,11395,3788,21,47
1324,11298,3788,28,47
1325,11184,3788,39,47
1326,12522,3773,39,42
1327,12491,3773,28,43
1328,12459,3773,28,43
1329,11541,3714,28,35
1330,11735,3713,46,35
1331,11679,3713,32,36
1332,11647,3713,28,36
1333,11611,3713,32,36
1334,11503,3713,31,36
1335,11433,3713,28,35
1336,11381,3713,32,36
1337,11345,3713,32,36
1338,11291,3713,31,36
1339,11271,3713,19,35
1340,11233,3713,32,36
1341,11800,3703,17,46
1342,11326,3703,17,46
1343,11575,3701,30,48
1344,11469,3701,30,48
1345,11184,3701,44,48
1346,20722,3601,561,475
1347,20577,3584,261,560
1348,20164,3584,2168,1253
1349,24016,3528,43,47
1350,23982,3528,31,48
1351,23946,3528,31,48
1352,23859,3528,43,47
1353,23825,3528,31,47
1354,23789,3528,31,48
1355,23702,3528,43,47
1356,23668,3528,31,48
1357,23637,3528,17,47
1358,12753,3427,43,47
1359,12720,3427,31,48
1360,12684,3427,31,48
1361,12648,3427,31,47
1362,25732,3409,279,140
1363,23963,3401,79,117
1364,23806,3401,79,117
1365,23648,3401,79,117
1366,13014,3343,28,35
1367,12899,3343,28,35
1368,13081,3342,32,36
1369,12935,3342,19,35
1370,12756,3332,17,46
1371,13050,3330,28,47
1372,12972,3330,37,47
1373,12877,3330,20,47
1374,12816,3330,43,47
1375,12715,3330,37,48
1376,12647,3330,43,47
1377,11183,3238,2532,753
1378,23907,3223,33,47
1379,23749,3200,159,108
1380,25827,3187,100,120
1381,7587,3115,425,192
1382,23895,2966,235,99
1383,23679,2966,157,99
1384,23561,2966,79,99
1385,25827,2955,100,121
1386,23733,2518,16,25
1387,23721,2442,38,70
1388,25657,2419,16,25
1389,13272,2407,28,35
1390,13237,2407,30,34
1391,12812,2407,46,34
1392,13578,2406,28,35
1393,13540,2406,32,36
1394,13520,2406,19,35
1395,13482,2406,32,36
1396,13416,2406,28,35
1397,13378,2406,32,36
1398,13326,2406,46,35
1399,13184,2406,32,36
1400,13119,2406,30,36
1401,13083,2406,32,36
1402,13014,2406,28,35
1403,12976,2406,32,36
1404,12907,2406,30,36
1405,12875,2406,28,36
1406,12737,2406,19,35
1407,12699,2406,32,36
1408,12611,2406,28,35
1409,13449,2396,17,46
1410,13154,2394,28,47
1411,13047,2394,30,48
1412,12942,2394,28,47
1413,12773,2394,37,47
1414,12663,2394,30,48
1415,23691,2343,88,64
1416,25629,2340,103,71
1417,13487,2330,46,34
1418,13456,2330,30,34
1419,12705,2330,31,34
1420,13727,2329,32,36
1421,13694,2329,28,36
1422,13658,2329,32,36
1423,13586,2329,30,49
1424,13536,2329,32,36
1425,13324,2329,32,36
1426,13205,2329,28,36
1427,13049,2329,19,35
1428,13011,2329,32,36
1429,12977,2329,28,35
1430,12939,2329,32,36
1431,12869,2329,28,35
1432,12831,2329,31,36
1433,12776,2329,19,35
1434,12738,2329,32,36
1435,12637,2329,32,36
1436,13237,2319,17,46
1437,13622,2317,30,48
1438,13423,2317,30,48
1439,13376,2317,43,47
1440,13274,2317,30,48
1441,13129,2317,39,47
1442,13086,2317,37,47
1443,12903,2317,30,48
1444,12797,2317,28,47
1445,12596,2317,36,47
1446,7587,2280,425,193
1447,12889,2279,8,16
1448,13377,2252,28,35
1449,13342,2252,30,34
1450,13269,2252,28,35
1451,13047,2252,31,34
1452,12635,2252,28,35
1453,13682,2251,28,35
1454,13644,2251,32,36
1455,13625,2251,19,35
1456,13587,2251,32,36
1457,13521,2251,28,35
1458,13483,2251,32,36
1459,13431,2251,46,35
1460,13305,2251,19,35
1461,12978,2251,46,35
1462,12597,2251,31,36
1463,13554,2241,17,46
1464,12940,2240,32,47
1465,13227,2239,38,47
1466,13168,2239,39,47
1467,13117,2239,45,48
1468,12904,2239,31,48
1469,12850,2239,31,48
1470,12753,2239,39,47
1471,12708,2239,37,48
1472,12667,2239,20,47
1473,23725,2234,18,30
1474,25669,2222,18,30
1475,23666,2196,136,19
1476,25421,2180,464,19
1477,12818,2175,46,34
1478,12787,2175,30,34
1479,13196,2174,28,35
1480,13148,2174,28,36
1481,13096,2174,28,35
1482,13058,2174,32,36
1483,13025,2174,28,36
1484,12989,2174,32,36
1485,12917,2174,30,49
1486,12867,2174,32,36
1487,12655,2174,32,36
1488,13230,2162,30,48
1489,12953,2162,30,48
1490,12754,2162,30,48
1491,12707,2162,43,47
1492,12597,2162,39,47
1493,12769,2098,28,35
1494,13234,2097,32,36
1495,13183,2097,46,35
1496,13109,2097,31,36
1497,13075,2097,28,35
1498,13001,2097,32,36
1499,12967,2097,19,35
1500,12911,2097,32,36
1501,12841,2097,28,35
1502,12805,2097,19,35
1503,12611,2097,28,35
1504,12946,2087,17,46
1505,13147,2085,28,47
1506,13039,2085,30,48
1507,12877,2085,30,48
1508,12727,2085,38,47
1509,12647,2085,28,47
1510,23714,2073,18,30
1511,23549,2048,348,24
1512,13510,2047,8,16
1513,25666,2020,61,88
1514,13415,2020,28,35
1515,13286,2020,28,35
1516,13103,2020,28,35
1517,12941,2020,28,35
1518,12639,2020,28,35
1519,13487,2019,19,35
1520,13449,2019,32,36
1521,13377,2019,31,36
1522,13322,2019,19,35
1523,13158,2019,30,36
1524,13139,2019,19,35
1525,13011,2019,30,49
1526,12977,2019,28,35
1527,12889,2019,32,36
1528,12817,2019,31,36
1529,12765,2019,19,35
1530,12727,2019,32,36
1531,12675,2019,49,35
1532,13343,2007,30,48
1533,13243,2007,38,47
1534,13192,2007,28,47
1535,13065,2007,30,48
1536,12855,2007,30,48
1537,12786,2007,28,47
1538,12596,2007,38,47
1539,23715,1929,11,29
1540,25649,1926,19,29
1541,23539,1896,366,20
1542,25476,1893,366,20
1543,13393,1866,28,35
1544,13123,1866,28,35
1545,13717,1865,19,35
1546,13643,1865,32,36
1547,13264,1865,46,35
1548,13193,1865,30,49
1549,13159,1865,28,35
1550,13085,1865,30,49
1551,13050,1865,32,36
1552,13016,1865,19,35
1553,12978,1865,32,36
1554,12881,1865,32,36
1555,12847,1865,28,35
1556,12794,1865,32,36
1557,12722,1865,30,49
1558,12672,1865,32,36
1559,12597,1865,32,36
1560,12757,1855,17,46
1561,13681,1853,28,47
1562,13599,1853,41,47
1563,13532,1853,41,48
1564,13486,1853,43,47
1565,13448,1853,36,47
1566,13425,1853,18,48
1567,13331,1853,43,47
1568,12933,1853,43,47
1569,12635,1853,37,47
1570,13674,1815,8,16
1571,13180,1788,46,34
1572,13130,1788,28,35
1573,13095,1788,30,34
1574,13637,1787,28,35
1575,13584,1787,32,36
1576,13552,1787,28,36
1577,13482,1787,28,35
1578,13461,1787,19,35
1579,13423,1787,32,36
1580,13353,1787,28,35
1581,13315,1787,32,36
1582,13229,1787,32,36
1583,13042,1787,32,36
1584,13009,1787,28,36
1585,12977,1787,28,36
1586,12941,1787,31,36
1587,12921,1787,19,35
1588,12826,1787,32,36
1589,12722,1787,32,36
1590,12639,1787,32,36
1591,13515,1777,17,46
1592,13386,1777,17,46
1593,13278,1777,17,46
1594,12703,1777,17,46
1595,13403,1775,20,47
1596,12879,1775,38,47
1597,12776,1775,30,48
1598,12597,1775,37,48
1599,12635,1710,28,35
1600,13488,1709,32,36
1601,13456,1709,28,36
1602,13424,1709,28,36
1603,13388,1709,31,36
1604,13368,1709,19,35
1605,13275,1709,28,35
1606,13237,1709,32,36
1607,13203,1709,28,35
1608,13165,1709,32,36
1609,13129,1709,30,49
1610,13093,1709,32,36
1611,13042,1709,32,36
1612,13006,1709,30,49
1613,12956,1709,28,36
1614,12888,1709,30,36
1615,12852,1709,31,36
1616,12818,1709,28,35
1617,12778,1709,19,35
1618,12740,1709,32,36
1619,12597,1709,31,36
1620,12987,1699,17,46
1621,13325,1697,38,47
1622,12922,1697,28,47
1623,12705,1697,30,48
1624,12667,1697,20,47
1625,13619,1632,28,35
1626,12803,1632,31,34
1627,13689,1631,30,49
1628,13655,1631,28,35
1629,13581,1631,30,49
1630,13545,1631,32,36
1631,13511,1631,19,35
1632,13473,1631,32,36
1633,13376,1631,32,36
1634,13254,1631,30,49
1635,13204,1631,32,36
1636,13128,1631,32,36
1637,13076,1631,28,35
1638,13038,1631,32,36
1639,12968,1631,28,35
1640,12930,1631,31,36
1641,12875,1631,19,35
1642,12837,1631,32,36
1643,12753,1631,28,35
1644,12731,1631,19,35
1645,12693,1631,32,36
1646,12639,1631,32,36
1647,13289,1621,17,46
1648,13428,1619,43,47
1649,13326,1619,30,48
1650,13166,1619,38,47
1651,13002,1619,30,48
1652,12896,1619,28,47
1653,12673,1619,20,47
1654,12597,1619,37,48
1655,13617,1424,30,34
1656,13063,1424,28,35
1657,12840,1424,28,35
1658,13706,1423,28,35
1659,13669,1423,32,36
1660,13564,1423,32,36
1661,13532,1423,28,36
1662,13478,1423,32,36
1663,13410,1423,32,36
1664,13377,1423,28,36
1665,13341,1423,30,49
1666,13305,1423,31,36
1667,13223,1423,30,36
1668,13190,1423,28,36
1669,13156,1423,28,35
1670,13119,1423,31,36
1671,13099,1423,19,35
1672,12984,1423,19,35
1673,12946,1423,32,36
1674,12802,1423,31,36
1675,12748,1423,32,36
1676,12680,1423,30,36
1677,12630,1423,32,36
1678,12610,1423,19,35
1679,12572,1423,32,36
1680,13650,1413,17,46
1681,13599,1413,17,46
1682,13459,1413,17,46
1683,13257,1411,28,47
1684,13020,1411,38,47
1685,12910,1411,30,48
1686,12872,1411,20,47
1687,12714,1411,28,47
1688,12531,1411,36,47
1689,23560,1363,165,73
1690,13442,1346,30,34
1691,13391,1346,28,35
1692,13237,1346,28,35
1693,13201,1346,30,34
1694,12643,1346,46,34
1695,12612,1346,30,34
1696,13583,1345,32,36
1697,13513,1345,28,35
1698,13475,1345,32,36
1699,13321,1345,30,36
1700,13288,1345,28,36
1701,13150,1345,28,35
1702,13096,1345,19,35
1703,13058,1345,32,36
1704,13007,1345,46,35
1705,12953,1345,46,35
1706,12882,1345,32,36
1707,12850,1345,28,36
1708,12814,1345,32,36
1709,12692,1345,32,36
1710,13424,1335,17,46
1711,13547,1333,30,48
1712,13355,1333,28,47
1713,12778,1333,30,48
1714,12579,1333,30,48
1715,12532,1333,43,47
1716,23560,1178,165,73
1717,20168,1130,2419,1229
1718,20575,1107,703,559
1719,23560,993,165,73
1720,12638,949,43,47
1721,12604,949,31,48
1722,12568,949,31,48
1723,12532,949,31,47
1724,12898,864,28,35
1725,12783,864,28,35
1726,12965,863,32,36
1727,12819,863,19,35
1728,12640,853,17,46
1729,12934,851,28,47
1730,12856,851,37,47
1731,12762,851,20,47
1732,12700,851,43,47
1733,12599,851,37,48
1734,12532,851,43,47
1735,24948,827,294,31
1736,26339,807,165,73
1737,23560,807,165,73
1738,12316,760,1420,693
